Title;Description
1;Linha 1
2;Linha 2
3;Linha 3
4;Linha 4
5;Linha 5
6;Linha 6
7;Linha 7
8;Linha 8
9;Linha 9
10;Linha 10
11;Linha 11
12;Linha 12
13;Linha 13
14;Linha 14
15;Linha 15
16;Linha 16
17;Linha 17
18;Linha 18
19;Linha 19
20;Linha 20
21;Linha 21
22;Linha 22
23;Linha 23
24;Linha 24
25;Linha 25
26;Linha 26
27;Linha 27
28;Linha 28
29;Linha 29
30;Linha 30
31;Linha 31
32;Linha 32
33;Linha 33
34;Linha 34
35;Linha 35
36;Linha 36
37;Linha 37
38;Linha 38
39;Linha 39
40;Linha 40
41;Linha 41
42;Linha 42
43;Linha 43
44;Linha 44
45;Linha 45
46;Linha 46
47;Linha 47
48;Linha 48
49;Linha 49
50;Linha 50
51;Linha 51
52;Linha 52
53;Linha 53
54;Linha 54
55;Linha 55
56;Linha 56
57;Linha 57
58;Linha 58
